location_country,name_of_organization,region,date_year
Angola,Pan-African Women's Organization,ECA,2000
Angola,Rede Mulher/Angola (Angolan Women Network),ECA,2000
Botswana,Emang Basadi Women's Association,ECA,2000
Cameroon,African Women's Association,ECA,2000
Cameroon,Association Pour Le Dévéloppement Harmonieux De La Mère Et De L'enfant Du Cameroun,ECA,2000
Cameroon,Comite D'action Pour Les Droits De L'enfant Et De La Femme,ECA,2000
Chad,Cellule De Liaison Et D'information Des Associations Feminines,ECA,2000
Congo,Projet Communautraire Integre Pour Le Developpement,ECA,2000
Congo,Reseau Action Femme,ECA,2000
Cote D'ivoire,Comite International Des Femmes Africaines Pour Le Developpement (Cifad),ECA,2000
Ethiopia,"Heinrich Boll Foundation, Horn Of Africa",ECA,2000
Ethiopia,Inter-African Committee (Iac),ECA,2000
Gabon,Femmes Du Moyen-Ogouee,ECA,2000
Gambia,"Association Of Non-Governmental Organizations, The",ECA,2000
Gambia,Zambia National Women's Lobby Group,ECA,2000
Ghana,31st December Women's Movement,ECA,2000
Ghana,African Federation Of Women Entrerpreneurs,ECA,2000
Ghana,Organization Of African Trade Union Unity,ECA,2000
Ghana,Third World Network,ECA,2000
Guinea,Commission National Des Femmes Travailleuses De Guinee - Confetrag/Cntg,ECA,2000
Guinea,Groupement Des Femmes D'affaires De Guinea,ECA,2000
Kenya,"African Center For Empowerment, Gender And Advocacy",ECA,2000
Kenya,African Women's Development And Communication Network (Femnet),ECA,2000
Kenya,Coalition On Violence Against Women-Kenya,ECA,2000
Kenya,Council For Economic Empowerment Of Women In Africa,ECA,2000
Kenya,Education Centre For Women In Democracy - Ecwd,ECA,2000
Kenya,Family Life Promotion And Services,ECA,2000
Kenya,International Federation Of Women Lawyers - Kenya Chapter,ECA,2000
Kenya,Kangemi Women Empowerment Centre,ECA,2000
Kenya,League Of Kenya Women Voters,ECA,2000
Kenya,Maendeleo Ya Wanawake Organization,ECA,2000
Kenya,National Council Of Women Of Kenya,ECA,2000
Kenya,Widows And Orphans Welfare Society Of Kenya,ECA,2000
Kenya,Women Educational Researchers Of Kenya,ECA,2000
Kenya,World Federation Of Methodist And Uniting Church Women,ECA,2000
Mali,African Association Of Education And Development-Mali,ECA,2000
Mali,Association Des Femmes Educatrice Du Mali,ECA,2000
Mali,Association Des Juristes Maliennes,ECA,2000
Mali,Association Pour Le Progres Et La Defense Des Droits Des Femmes Maliennes,ECA,2000
Mauritius,S.O.S. Femmes,ECA,2000
Morocco,Agence De Recherches D'information Et Formation Pour Les Femmes,ECA,2000
Morocco,Association Democratique Des Femmes Du Maroc,ECA,2000
Morocco,Association Marocaine De Planification Familiale,ECA,2000
Morocco,Association Marocaine Des Droits Des Femmes (Amde),ECA,2000
Morocco,Association Marocaine Pour La Promotion De La Femme Rurale,ECA,2000
Morocco,Association Marocaine Pour La Promotion De L'entreprise Feminine,ECA,2000
Morocco,Comite Des Femmes Marocaines Pour Le Developpement,ECA,2000
Morocco,Commission Nationale De Femme Du Mouvement Populaire,ECA,2000
Morocco,Conseil National De La Jeunesse Et De L'avenir Du Maroc,ECA,2000
Morocco,El Huda Association For Feminine Action,ECA,2000
Morocco,Fem'art,ECA,2000
Morocco,Ligue Nationale Des Femmes Fonctionnaires Des Secteurs Public Et Semi Public,ECA,2000
Morocco,Union De L'action Feminine (W.A.F.),ECA,2000
Morocco,Union Nationale Des Femmes Marocaines,ECA,2000
Morocoo,Collectif 95 Maghreb Egalite,ECA,2000
Namibia,Namibian Women's Association (Nawa),ECA,2000
Namibia,Sister Namibia Collective,ECA,2000
Namibia,The Rainbow Project,ECA,2000
Niger,Association Nigerienne Des Educatrices Pour Le Developpement,ECA,2000
Niger,Association Pour L'integration De La Femme Dans L'economie Nigerienne,ECA,2000
Niger,Rassemblement Democratique Des Femmes Du Niger,ECA,2000
Niger,Salubrite Propriete Hygiene Techniques D'assainissement,ECA,2000
Nigeria,Action Health Incorporated,ECA,2000
Nigeria,African Women Empowerment Guild,ECA,2000
Nigeria,Baobab For Women's Human Rights,ECA,2000
Nigeria,Country Women Association Of Nigeria,ECA,2000
Nigeria,Grassroots Women Foundation,ECA,2000
Nigeria,Network Of African Rural Women Associations,ECA,2000
Nigeria,Nigerian Centre For Research And Documentation,ECA,2000
Nigeria,Planned Parenthood Federation Of Nigeria,ECA,2000
Nigeria,Society For The Welfare Of Women Prisoners,ECA,2000
Nigeria,Women In Nigeria,ECA,2000
Nigeria,"Women Law And Development Centre, Nigeria",ECA,2000
Nigeria,Women's Aid Collective,ECA,2000
Nigeria,Women's Consortium Of Nigeria,ECA,2000
Nigeria,Women's Rights And Development Centre,ECA,2000
Senegal,Association Of African Women For Research And Development,ECA,2000
Senegal,Environnement Et Developpement Du Tiers Monde (Endatm),ECA,2000
Senegal,Fondation For Assistance To Orphans,ECA,2000
Senegal,Institut Africain Pour La Democratie,ECA,2000
Somalia,Coalition For Grassroots Women Organizations,ECA,2000
South Africa,African Information Society Working Group,ECA,2000
South Africa,Anc Women's League,ECA,2000
South Africa,Buildbuilders International,ECA,2000
South Africa,"Gender Advocacy Programme, The",ECA,2000
South Africa,Women's Health Project,ECA,2000
South Africa,Women's National Coalition,ECA,2000
Sudan,Ahfad University For Women,ECA,2000
Sudan,Babiker Badri Scientific Association For Women's Studies,ECA,2000
Sudan,Hawa Society For Women,ECA,2000
Sudan,International Muslim Women's Union,ECA,2000
Sudan,Sudan National Committee On Harmful Traditional Practices,ECA,2000
Sudan,Sudan Workers Trade Unions Federation,ECA,2000
Sudan,Sudanese Women General Union,ECA,2000
Sudan,Women Forum,ECA,2000
Tanzania,Tanzania Association Of Nongovernmental Organizations (Tango),ECA,2000
Tunisia,Association Feminine Tunisie 21,ECA,2000
Tunisia,Association Tunisienne Des Meres,ECA,2000
Tunisia,Association Tunisienne Pour La Protection De La Nature Et De L'environnement,ECA,2000
Tunisia,Centre Of Arab Women For Training And Research,ECA,2000
Tunisia,Chambre Nationale Des Femmes Chefs D'entreprise,ECA,2000
Tunisia,Femmes Chefs D'entreprises Mondiales (Fcem),ECA,2000
Tunisia,Organisation Nationale De L'enfance Tunisienne,ECA,2000
Tunisia,Organisation Tunisienne De Jeunes Medecins Sans Frontieres,ECA,2000
Tunisia,Union Nationale De La Femme,ECA,2000
Uganda,"Church Of Uganda, Women's Desk",ECA,2000
Uganda,Disabled Women Network And Resource Organization In Uganda,ECA,2000
Uganda,Forum For Women In Democracy,ECA,2000
Uganda,Isis-Women's International Cross-Cultural Exchange (Isis Wicce),ECA,2000
Uganda,Law And Advocacy For Women In Uganda,ECA,2000
Uganda,National Association Of Women's Organization In Uganda (Nawou),ECA,2000
Uganda,National Union Of Disabled Persons Of Uganda,ECA,2000
Uganda,Uganda Association Of Women Laywers,ECA,2000
,Medical Women's Asso,,2000
,Ciation Of Zambia,,2000
,,,2000
ECA,Zambia,,2000
Zambia,Non-Governmental Organizations Coordinating Committee,ECA,2000
Zambia,Zambia Alliance Of Womem (Zaw),ECA,2000
Zambia,Zambia Association For Research And Development,ECA,2000
Zimbabwe,Association Of Women's Clubs,ECA,2000
Zimbabwe,Southern African Research And Documentation Centre,ECA,2000
Zimbabwe,Women And Law In Southern Africa,ECA,2000
Zimbabwe,Women In Law And Development In Africa,ECA,2000
Zimbabwe,Women's Action Group,ECA,2000
Albania,Albanian Family Planning Association,ECE,2000
Albania,"Women's Jurist Association, Women's Advocacy Center)",ECE,2000
Armenia,Association Of Women With University Education,ECE,2000
Austria,European Federation For The Welfare Of The Elderly,ECE,2000
Austria,Frauen Solidaritat,ECE,2000
Austria,International Helsinki Federation For Human Rights,ECE,2000
Austria,Katholische Frauenbewegung Osterreichs,ECE,2000
Austria,Vienna Institute For Development And Cooperation,ECE,2000
Austria,Wind Of The South (Südwind-Agentur),ECE,2000
Austria,Women Against Violence Europe,ECE,2000
Belgium,Care International,ECE,2000
Belgium,Comité Directeur International Sur La Promotion Economique Des Femmes Rurales,ECE,2000
Belgium,Commission Feminine Internationale Du Mouvement Europeen,ECE,2000
Belgium,Conseil Des Femmes Francophones De Belgique,ECE,2000
Belgium,Education International,ECE,2000
Belgium,European Disability Forum,ECE,2000
Belgium,European Women's Lobby (Ewl),ECE,2000
Belgium,European Youth Forum,ECE,2000
Belgium,Federation Europeenne Des Femmes Actives Au,ECE,2000
Belgium,Femmes Prevoyantes Socialististes,ECE,2000
Belgium,International Association Of Charities,ECE,2000
Belgium,International Confederation Of Free Trade Unions (Icftu),ECE,2000
Belgium,International Cooperation For Development And Solidarity,ECE,2000
Belgium,International Planned Parenthood Federation (Europe Region),ECE,2000
Belgium,Nederlandstalige Vrouwenraad (Dutch-Speaking Council Of Women Of Belgium),ECE,2000
Belgium,Network Women In Development Europe,ECE,2000
Belgium,"Payoke, V.Z.W.",ECE,2000
Belgium,Solidarite Des Mamans Manianga En Sigle Soliman,ECE,2000
Belgium,Vrouw En Maatschappij,ECE,2000
Belgium,Vrouwen Overleg Komitee,ECE,2000
Belgium,World Confederation Of Labour (Wcl),ECE,2000
Belgium,World Movement Of Mothers (Mouvement Mondial De Meres),ECE,2000
Bulgaria,Bulgarian Association Of Women In Legal Profession,ECE,2000
Bulgaria,Gender Project For Bulgaria Foundation,ECE,2000
Bulgaria,Women's Alliance For Development,ECE,2000
Cyprus,Turkish Cypriot Association Of University Women,ECE,2000
Czech Republic,"Tolerance And Civil Society, Citizens Assembly",ECE,2000
Denmark,Danish Women's Society,ECE,2000
Denmark,General Workers Union In Denmark,ECE,2000
Denmark,International Abolitionist Federation,ECE,2000
Denmark,K.U.L.U. - Women And Development,ECE,2000
Denmark,"Kvinderaadet, Womens Council In Denmark",ECE,2000
Denmark,National Organisation Of Women's Crisis Centers,ECE,2000
Denmark,The Danish Council Of Organizations Of Disabled People,ECE,2000
Denmark,Union Of Commercial And Clerical Employees In Demark,ECE,2000
Denmark,Women Workers Union In Denmark,ECE,2000
Finland,Finnish Volunteer Service Center For Development Cooperation (Fvs),ECE,2000
Finland,Leftwing Women (Finland),ECE,2000
Finland,Unioni - The League Of Finnish Feminists,ECE,2000
Finland,"Women's League Of The Coalition Party, The",ECE,2000
France,Centre National D'information Et De Documentation Des Femmes Et Des Familles (Cnidff),ECE,2000
France,Collectif Feministe Ruptures,ECE,2000
France,Comite International De Liaison Des Asociations Feminines (International Liaison Committee Of Women's Associations),ECE,2000
France,Coordination Francaise Pour Le Lobby Europe En Des Femmes (C.L.E.F.),ECE,2000
France,Council Of European Municipalities And Regions - Committee Of Women Elected Representatives Of Local And Regional Authorities,ECE,2000
France,European Council Of Wizo Federations,ECE,2000
France,Federation Internationale Des Femmes De Carrieres Juridiques,ECE,2000
France,Femme Avenir,ECE,2000
France,International Council Of Women,ECE,2000
France,International Federation For Home Economics,ECE,2000
France,International Federation Of Agricultural Producers (Ifap),ECE,2000
France,International Federation Of Human Rights Leagues,ECE,2000
France,International Union Of Architects,ECE,2000
France,L'association Europeanne Contre Les Violences Faites Aux Femmes Au Travail,ECE,2000
France,Mouvement Francais Pour Le Planning Familial,ECE,2000
France,Prochoix,ECE,2000
France,Public Services International,ECE,2000
France,Sos-Sexisme,ECE,2000
France,Union Internationale Des Avocats - International Union Of Lawyers,ECE,2000
France,Women's Human Rights International Association,ECE,2000
France,Women's International Democratic Federation,ECE,2000
France,World Movement Of Mothers,ECE,2000
France,World Union Of Catholic Women's Organizations,ECE,2000
Georgia,"The Georgian Association ""Women In Business""",ECE,2000
Germany,Deutscher Naturschutzring - Dnr,ECE,2000
Germany,Friedrich-Ebert-Stiftung,ECE,2000
Germany,Kok-Federal Association Against Traffic In Women And Violence Against Women In The Migration Process,ECE,2000
Germany,Medical Women's International Association,ECE,2000
Germany,"National Council Of German Women's Organizations - Federal Union Of Women's Organizations And Women's Group Of German Associations, E.V",ECE,2000
Greece,Institute Of Inter-Balkan Relations,ECE,2000
Greece,Mediterranean Women's Studies Institute Kegme,ECE,2000
Greece,Soroptimist International Of Greece,ECE,2000
Ireland,European Network Of Women,ECE,2000
Ireland,"Irish Association Of Non-Governmental Development Organizations Limited, The",ECE,2000
Ireland,Irish Country Women's Association,ECE,2000
Ireland,Women In Media And Entertainment (Wime),ECE,2000
Ireland,Women In The Home,ECE,2000
Ireland,Women Of The Northwest Limited,ECE,2000
Ireland,Women's Aid,ECE,2000
Israel,Al Manhal Cultural Centre For Woman And Child,ECE,2000
Israel,Arab Women's Forum,ECE,2000
Israel,Ecopeace Middle East Environmental Ngo Forum,ECE,2000
Israel,Gaza Community Mental Health Programme,ECE,2000
Israel,Israel Women's Network,ECE,2000
Israel,Nisan Young Women Leader,ECE,2000
Israel,Palestinian Working Women Society,ECE,2000
Israel,Women's International Zionist Organization (Wizo),ECE,2000
Italy,Arcidonna,ECE,2000
Italy,Associazione Delle Donne Democratiche-Iraniane Residente In Italia,ECE,2000
Italy,Associazone I Nostri Diritti,ECE,2000
Italy,Caritas Internationalis (International Confederation Of Catholic Charities),ECE,2000
Italy,Centro Antiviolenza,ECE,2000
Italy,Centro Di Cooperazione Familiare,ECE,2000
Italy,Centro Di Ricerca E Documentazione Febbraio 74,ECE,2000
Italy,Cisl,ECE,2000
Italy,Confederazione Generale Italiana Del Lavoro - General Italian Confederation Of Labour,ECE,2000
Italy,Coordination Immigrés Du Sud Du Monde/C.I.S.M.-Vénétie,ECE,2000
Italy,Il Cenacolo,ECE,2000
Italy,Inter Press Service International Association,ECE,2000
Italy,International Mediterranean Women's Forum,ECE,2000
Italy,International Voluntary Organization For The Development And Education Of Underprivileged Young People And Women,ECE,2000
Italy,Italian Association For Women In Development,ECE,2000
Italy,Movimiento Italiano Casalinghe,ECE,2000
Italy,Nosotras,ECE,2000
Italy,Society For International Development,ECE,2000
Italy,Teresian Association,ECE,2000
Liechtenstein,Eltern Kind Forum,ECE,2000
Lithuania,Jurate Seduikiene,ECE,2000
Lithuania,Lithuanian Housewives Association,ECE,2000
Lithuania,Lithuanian Social Demoratic Women Union (Lsdwu),ECE,2000
Macedonia,Union Of Women's Organizations Of Macedonia,ECE,2000
Moldova,"Women's Organization Of Moldova ""Civic Initiative""",ECE,2000
Norway,Confederation Of Vocational Unions,ECE,2000
Norway,Fokus - Forum For Women And Development,ECE,2000
Norway,Hoyres Kvinnenettverk,ECE,2000
Norway,International Association Of Women In Radio And Television,ECE,2000
Norway,Network North Against Prostitution And Violence,ECE,2000
Norway,Norsk Helse - Og Sosialforbund,ECE,2000
Norway,Norsk Kommuneforbund,ECE,2000
Norway,Norwegian Afghanistan Committee/Afghanistankomiteen I Norge,ECE,2000
Norway,Norwegian People's Aid,ECE,2000
Norway,Norwegian Union Of Teachers,ECE,2000
Norway,The Secretariat Of The Shelter Movement In Norway C/O The Centre For Gender Equality,ECE,2000
Poland,Federation For Women And Family Planning,ECE,2000
Poland,Women's Association For Gender Equality - Beijing 1995,ECE,2000
Portugal,Associacao De Mulheres Contra A Violencia,ECE,2000
Romania,"Family Planning Movement The - ""Vrancea""",ECE,2000
Romania,"National Association Of University Women Of Romania, The",ECE,2000
Romania,National Women's Union Of Romania,ECE,2000
Romania,Romanian Independent Society Of Human Rights,ECE,2000
Russian Federation,"Association Of Women Journalists , Russia",ECE,2000
Russian Federation,Consortium Of Womens Nongovernmental Associations,ECE,2000
Russian Federation,Conversion And Women,ECE,2000
Russian Federation,Federation Of Independent Trade Unions Of Russia (Fnpr),ECE,2000
Russian Federation,General Confederation Of Trade Unions (Gctu),ECE,2000
Russian Federation,Information Center Of The Independent Women's Forum (Iciwf),ECE,2000
Russian Federation,"Regional Non-Governmental Organization ""Petersburg Center For Gender Issues""",ECE,2000
Slovakia,Aliancia Zien Slovenska,ECE,2000
Slovakia,Prospecta,ECE,2000
Spain,Amias Del Hogar La Amistaos,ECE,2000
Spain,Arnasatu,ECE,2000
Spain,Arte Y Cultura Para La Mujer,ECE,2000
Spain,Asociacion De Mujeres Juristas,ECE,2000
Spain,Asociacion Clara Campoamor,ECE,2000
Spain,Asociacion De Antigues Alumnas De Las Madres Islandesas De Sevilla,ECE,2000
Spain,Asociacion De Apoyo Al Lobby Europeo De Mujeres,ECE,2000
Spain,Asociacion De Empresarias De Madrid,ECE,2000
Spain,Asociacion De Familias Y Mujeres Del Medio Rural,ECE,2000
Spain,"Asociacion De Mujeres ""La Ladera""",ECE,2000
Spain,Asociacion De Mujeres De La A.Cervan,ECE,2000
Spain,"Asociacion De Mujeres Progresistas ""Victoria Kent""",ECE,2000
Spain,Asociacion De Mujeres Y Familias Del Ambito Rural,ECE,2000
Spain,Asociacion Mujeres Jovenes,ECE,2000
Spain,"Asociacion Mujeres Progresistas ""Maria Pineda""",ECE,2000
Spain,Asociacion Para La Coperacion Con El Sur-Las Segovias,ECE,2000
Spain,Associacid Dones No Estandards,ECE,2000
Spain,Associacio Catalana De Llevadores,ECE,2000
Spain,Comision De Asociaciones Para El Seguimiento Del Plan De Igualdad De Oportunidades De Las Mujeres ),ECE,2000
Spain,Comision Para La Investigacion De Malos Tratos A Mujeres,ECE,2000
Spain,Consejo De Las Mujeres De Barcelona,ECE,2000
Spain,Consell Comarcal De Dones Del Pla C'urgell,ECE,2000
Spain,Consell De La Dona,ECE,2000
Spain,Dones Per Europa,ECE,2000
Spain,Emakunde/Instituto Vasco De La Mujer,ECE,2000
Spain,Federacio De Dones Del Baix Camp,ECE,2000
Spain,Federacion De Asociaciones De Defensa Y Promocion De Los Derechos Humanos,ECE,2000
Spain,Federacion De Consumidores Y Amas De Hogar De Espana,ECE,2000
Spain,Federacion Espanola De Asociaciones Pro Vida,ECE,2000
Spain,Federacion Mujeres Progresistas,ECE,2000
Spain,Femvision,ECE,2000
Spain,Forum De Politica Feminista,ECE,2000
Spain,Fundacio Popular Iberoamericana,ECE,2000
Spain,Fundacion Mujeres,ECE,2000
Spain,Grup Dones Torredembarra,ECE,2000
Spain,Hontanar Association,ECE,2000
Spain,Instituto Andaluz De La Mujer,ECE,2000
Spain,Instituto Asturiano De La Mujer,ECE,2000
Spain,Joventut Nacionalista De Catalunya,ECE,2000
Spain,"Movimiento Por La Daz, Ei Desarme Yla Libertad",ECE,2000
Spain,National Federation Of Women For Democracy,ECE,2000
Spain,National Women's Council Of Catalonia - Consell Nacional De Dones De Catalunya,ECE,2000
Spain,Red Europea De Mujeres Periodistas,ECE,2000
Spain,Secretana Confedert De La Mujer De Comifiones Obrers,ECE,2000
Spain,Secretaria De La Dona De Esquerra Republicana De Catalunya,ECE,2000
Spain,Seminario Interdisciplinar De Estudios Sobre La Mujer,ECE,2000
Spain,Spanish Committee For Unicef,ECE,2000
Spain,Unio De Dones Duno Democratica De Catalunya,ECE,2000
Spain,Union General De Trabajadores,ECE,2000
Sweden,Central Committee For Women's Rights Movements In Gothenberg/Sweden,ECE,2000
Sweden,Children Of A Better Time,ECE,2000
Sweden,Council Of Nordic Trade Unions,ECE,2000
Sweden,Foundation Of Women's Forum,ECE,2000
Sweden,National Federation Of International Organization For Immigrant Women-Sweden,ECE,2000
Sweden,"National Organisation For Freedom Of Choice, Equality And Parenthood",ECE,2000
Sweden,Riksforbundet For Sexuell Upplysning (Rfsu),ECE,2000
Sweden,Social Democratic Women In Sweden,ECE,2000
Sweden,Swedish Association Of Local Authorities,ECE,2000
Sweden,Swedish National Association Home And Society (Housewives Association Home And Society),ECE,2000
Sweden,Swedish Organization Of Disabled Persons International Aid Association,ECE,2000
Sweden,Swedish Unifem Committee,ECE,2000
Sweden,United Nations Association Of Sweden,ECE,2000
Sweden,World Blind Union,ECE,2000
Sweden,World Federation Of United Nations Associations,ECE,2000
Switzerland,Association For The Advancement Of Psychological Understanding Of Human Nature,ECE,2000
Switzerland,Consell Suisse Des Activites De Jeunesse,ECE,2000
Switzerland,International Commission Of Jurists,ECE,2000
Switzerland,International Cooperative Alliance,ECE,2000
Switzerland,International Council Of Nurses,ECE,2000
Switzerland,International Federation Of University Women,ECE,2000
Switzerland,International Federation Terre Des Hommes,ECE,2000
Switzerland,International Peace Bureau,ECE,2000
Switzerland,International Youth And Student Movement For The United Nations,ECE,2000
Switzerland,Lutheran World Federation,ECE,2000
Switzerland,Nord-Sud Xxi - North-South Xxi,ECE,2000
Switzerland,Women's International League For Peace And Freedom,ECE,2000
Switzerland,Women's World Summit Foundation (Wwsf),ECE,2000
Switzerland,World Alliance Of Reformed Churches,ECE,2000
Switzerland,World Alliance Of Young Men's Christian Associations,ECE,2000
Switzerland,World Organization Against Torture,ECE,2000
Switzerland,World Young Women's Christian Association,ECE,2000
The Netherlands,Africa Legal Aid,ECE,2000
The Netherlands,Democratic Iranian Women Association,ECE,2000
The Netherlands,Dutch Platform For Women And Health,ECE,2000
The Netherlands,E-Quality Experts On Gender And Ethinicity,ECE,2000
The Netherlands,European Network Of Unemployed,ECE,2000
The Netherlands,Federation Of Refugee Organization In The Netherlands,ECE,2000
The Netherlands,International Confederation Of Midwives,ECE,2000
The Netherlands,International Fellowship Of Reconciliation (Ifor),ECE,2000
The Netherlands,International Union Of Local Authorities,ECE,2000
The Netherlands,Landelijke Organisatie Van Surinaamse Vrouwen,ECE,2000
The Netherlands,Medusa (Dutch National Service And Development Office Concerning Prevention Of Sexual Violence),ECE,2000
The Netherlands,Metis - Dutch Office For Women's Health Care,ECE,2000
The Netherlands,National Committee For Development Education,ECE,2000
The Netherlands,Netherlands Association Of Women Graduates,ECE,2000
The Netherlands,Netherlands Council Of Women,ECE,2000
The Netherlands,"Netherlands Organization For Women's Interests, Women's Labour And Equal Representation",ECE,2000
The Netherlands,Samenwerkingsverband Mensen Zonder Betalld Werk,ECE,2000
The Netherlands,Tiye International,ECE,2000
The Netherlands,Vrouwen Alliantie,ECE,2000
The Netherlands,Vrouwen Uud,ECE,2000
,Womanistische Theologie (Workgroep),,2000
,(Working Group Womanism Theology),,2000
,,,2000
ECE,The Netherlands,,2000
,Women's International Studies Eu,,2000
,Rope (Wise),,2000
,,,2000
ECE,The Netherlands,,2000
The Netherlands,World Population Foundation,ECE,2000
Turkey,Anakultur,ECE,2000
Turkey,Ankara University Women's Research And Implementation Centre,ECE,2000
Turkey,Association For The Support And Training Of Woman Candidates,ECE,2000
Turkey,Family Planning Association Of Turkey,ECE,2000
Turkey,Flying Broom/Ucan Supurge,ECE,2000
Turkey,Marmara Group Strategic & Research Foundation Human Rights Platform-Woman Rights,ECE,2000
Turkey,Mor Cati Foundation For Women's Shelter,ECE,2000
Turkey,"Soroptimist Union Of Turkey, Istanbul Club",ECE,2000
Turkey,Women For Women's Human Rights-New Ways,ECE,2000
Turkey,Women's Scientific And Cultural Society,ECE,2000
Turkey,Women's Solidarity Foundation,ECE,2000
Ukraine,"International Federation Of Business Women ""Lybid""",ECE,2000
Ukraine,International Renaiisance Foundation,ECE,2000
Ukraine,Woman Health And Family Planning,ECE,2000
United Kingdom,Abantu For Development (People For Development),ECE,2000
United Kingdom,Actionaid / Action Aid,ECE,2000
United Kingdom,"African Families Foundation, The",ECE,2000
United Kingdom,Akina Mana Wa Afrika,ECE,2000
United Kingdom,Amnesty International (International Secretariat),ECE,2000
United Kingdom,Black Women Promotions,ECE,2000
United Kingdom,British Association Of Women Entrepreneurs (Bawe),ECE,2000
United Kingdom,Catholic Institute For International Relations,ECE,2000
United Kingdom,Centre For Research And Education On Gender,ECE,2000
United Kingdom,Change,ECE,2000
United Kingdom,Commonwealth Medical Association,ECE,2000
United Kingdom,Empowering Widows In Development,ECE,2000
United Kingdom,Helpage International,ECE,2000
United Kingdom,"Human Rights Centre, University Of Essex",ECE,2000
United Kingdom,International Alert,ECE,2000
United Kingdom,International Council Of Jewish Women,ECE,2000
United Kingdom,International Federation Of Business And Professional Women,ECE,2000
United Kingdom,International Planned Parenthood Federation,ECE,2000
United Kingdom,International Police Association,ECE,2000
United Kingdom,International Psychoanalytical Association,ECE,2000
United Kingdom,International Save The Children Alliance,ECE,2000
United Kingdom,International Wages For Housework Campaign,ECE,2000
United Kingdom,International Women Count Network,ECE,2000
United Kingdom,Liberation,ECE,2000
United Kingdom,Local Government International Bureau,ECE,2000
United Kingdom,"Medical Mission Sisters (Society Of Catholic Medical Missionaries, Generalate, Inc.)",ECE,2000
United Kingdom,National Alliance Of Women's Organizations,ECE,2000
United Kingdom,National Board Of Catholic Women,ECE,2000
United Kingdom,National Council Of Women Of Great Britain,ECE,2000
United Kingdom,Network Of Ecumenical Women In Scotland (Action Of Churches Together In Scotland),ECE,2000
United Kingdom,Northern Ireland Women's European Platform,ECE,2000
United Kingdom,Oxfam (United Kingdom And Ireland),ECE,2000
United Kingdom,Rights And Humanity,ECE,2000
United Kingdom,Socialist International Women,ECE,2000
United Kingdom,Soroptimist International,ECE,2000
United Kingdom,U.K. Asian Women's Conference,ECE,2000
United Kingdom,"United Nations Environment And Development, United Kingdom Committee - Uned",ECE,2000
United Kingdom,Wales Assembly Of Women,ECE,2000
United Kingdom,Winvisible - Women With Visible And Invisible Disability,ECE,2000
United Kingdom,Womankind Worldwide,ECE,2000
United Kingdom,Women Against Rape (War),ECE,2000
United Kingdom,Women In Dialogue,ECE,2000
United Kingdom,Women's National Commission,ECE,2000
United Kingdom,World Association Of Girl Guides & Girl Scouts,ECE,2000
Argentina,"Aliona, Center Against Discrimination Against Women",ECLAC,2000
Argentina,Asociacion Argentina De Cultura,ECLAC,2000
Argentina,Asociacion Civil Mujeres En Accion,ECLAC,2000
Argentina,Asociacion De Especialistas Universitarioca En Estudios De La Mujer,ECLAC,2000
Argentina,Asociacion De Mujeres De Negocios Y Professionales Buenos Aires,ECLAC,2000
Argentina,Asociacion Diagonal,ECLAC,2000
Argentina,Catolicas Por El Derecho A Decidir--Latin America,ECLAC,2000
Argentina,"Centro De Intercambio Sub-Regional Del Cono Sur ""Alahua""Ciscsa",ECLAC,2000
Argentina,Foro De Mujeres Del Mercosur,ECLAC,2000
Argentina,"Fundacion Mujer, Paz Y Desarrollo",ECLAC,2000
Argentina,Fundacion Mujeres En Igualdad,ECLAC,2000
Argentina,Fundacion Para Estudio E Investigacion De La Mujer (Feim),ECLAC,2000
Argentina,Instituto Social Y Politico De La Mujer,ECLAC,2000
Argentina,Integracion Joven,ECLAC,2000
Argentina,Karakachoff Foundation-Commission For The Advancement Of Women (Fundacion Sergio Karakachoff),ECLAC,2000
Argentina,Manos Creativas,ECLAC,2000
Argentina,Mutual Association For The Xxith Century,ECLAC,2000
Argentina,Servicio A La Accion Popular,ECLAC,2000
Barbados,Development Alternatives With Women For A New Era (Dawn),ECLAC,2000
Bolivia,Catolicas Por El Derecho A Decidir-Bolivia,ECLAC,2000
Bolivia,Coordinadora De La Mujer,ECLAC,2000
Bolivia,Plataforma De La Mujer,ECLAC,2000
Brazil,Agende Acoes Em Genero Cidadania E Desenvolviment (Agende Actions On Gender Citizenship And Development),ECLAC,2000
Brazil,Association For Organizations For Social And Educational Assistance,ECLAC,2000
Brazil,Catolicas Por El Derecho A Decidir--Brasil,ECLAC,2000
Brazil,Centro Feminista De Estudos E Assessoria,ECLAC,2000
Brazil,Coletivo Feminista Sexualidade E Saude,ECLAC,2000
Brazil,Comunicacao Educacao E Informacao Em Genero,ECLAC,2000
Brazil,Confederacao Das Mulheres Do Brasil (Brazilian Women Confederation),ECLAC,2000
Brazil,Grupo De Trabalho E Pesovisa Em Orientacao Sexual,ECLAC,2000
Brazil,Instituto Brasileiro De Analises Sociais E Economicas - Ibase,ECLAC,2000
Brazil,Instituto De Acao Cultural0,ECLAC,2000
Brazil,Rede De Desenvolvimento Humano,ECLAC,2000
Chile,Facultad Latinoamericana De Ciencias Sociales-Chile,ECLAC,2000
Chile,Federacion Nacional De Mujeres De Negocios Y Profesionales De Chile,ECLAC,2000
Chile,Fempress (Latin American Institute For Transnational Studies),ECLAC,2000
Chile,Instituto De La Mujer,ECLAC,2000
Chile,Isis International,ECLAC,2000
Chile,Latin American And Caribbean Women's Health Network (Lacwhn),ECLAC,2000
Chile,Movimiento Pro Emancipacion De La Mujer Chilena (Memch),ECLAC,2000
Chile,Red De Salud De Las Mujeres Latinoamericanas Y Del Caribe,ECLAC,2000
Colombia,Colombian Commission Of Jurists,ECLAC,2000
Colombia,Fundacion Dialogo Mujer,ECLAC,2000
Costa Rica,Colective Feminista Pancha Carrasco,ECLAC,2000
Costa Rica,Inter-American Institute Of Human Rights,ECLAC,2000
Costa Rica,Red De Mujeres Afrocaribenas Y Afrolatinoamericanas,ECLAC,2000
Cuba,Federation Of Cuban Women,ECLAC,2000
Dominican Republic,Centro De Investigacion Para La Accion Femenina,ECLAC,2000
Dominican Republic,Colective Mujer Y Salud,ECLAC,2000
Dominican Republic,Nucleo De Apoyo A La Mujer,ECLAC,2000
Ecuador,Agencia Latinoamericana De Information (Alai),ECLAC,2000
Ecuador,Centro De Estudios E Investigaciones De La Mujer Ecuatoriana,ECLAC,2000
Ecuador,Confedracion De Nacionalidades Indigenas Del Ecuador,ECLAC,2000
Ecuador,Coordinadora Politica De Mujeres Ecuatorianas,ECLAC,2000
Ecuador,Corporacion Mujer A Mujer,ECLAC,2000
El Salvador,"Instituto De Estudios De La Mujer "" Norma Virgina Cigorl""",ECLAC,2000
El Salvador,Mujeres Por La Dignidad Y La Vida,ECLAC,2000
Guatemala,Agrupacion De Mujeres Tierra Viva,ECLAC,2000
Guatemala,Asociacion Pro-Bienestar De La Familia De Guatemala,ECLAC,2000
Guatemala,Fundacion Guatemala,ECLAC,2000
Guatemala,Grupo Femenino Pro Mejoramiento Familiar,ECLAC,2000
Guyana,Guyana Association Of Women Lawyers,ECLAC,2000
Guyana,"Guyana Responsible Parenthood Association, The",ECLAC,2000
Guyana,Red Thread Women's Devlopment Project,ECLAC,2000
Guyana,Women's Federation For World Peace International,ECLAC,2000
Guyana,Women's Progressive Organization,ECLAC,2000
Haiti,Solidarite Fanm Ayisyen,ECLAC,2000
Houduras,Colectivo Feminista Mujeres Universitarias,ECLAC,2000
Jamaica,Association Of Women's Organizations In Jamaica,ECLAC,2000
Jamaica,Word Of Life Ministries International-Word Of Life Christian Fellowship,ECLAC,2000
Mexico,Alternativas De Capacitacion Y Dasarrollo Comunitario A.C.,ECLAC,2000
Mexico,Catolicas Por El Derecho A Decidir/Mexico,ECLAC,2000
Mexico,Centro De Atencion A La Mujer Trabajadora A.C.,ECLAC,2000
Mexico,El Closet De Sor Juana,ECLAC,2000
Mexico,"Emas, A.C. (Equipo Mujeres En Accion Solidaria)",ECLAC,2000
Mexico,Grupo De Informacion En Reproduccion Elegida,ECLAC,2000
Mexico,"Peniche, Ramiorez Y Duarte, Asesores En Organizacion Y Educacion Integral, S.C.P.",ECLAC,2000
Mexico,"Red De Jovenes Por Los Derechos Sexuales Y Reproductivos, A.C.",ECLAC,2000
Mexico,Salud Integral Para La Mujer A.C.,ECLAC,2000
Mexico,University Program Of Gender Studies,ECLAC,2000
Netherlands Antilles,Fundashon Sentro Di Dama,ECLAC,2000
Nicaragua,Amica,ECLAC,2000
Nicaragua,Fundacion Wangki Luhpia (Hiljos-Hijas Del Rio Coco),ECLAC,2000
Nicaragua,Servicios Integraces Para La Mujer,ECLAC,2000
Nicaragua,Universidad De Las Regiones Autonomas De La Costa Caribe Nicaraguense,ECLAC,2000
Panama,Center For Popular Legal Assistance,ECLAC,2000
Panama,Coordinadora Nacional De Mujeres Indigenas De Panama,ECLAC,2000
Peru,Centro De Asesoria Laboral Del Peru S.R.L. (Cedal),ECLAC,2000
Peru,Centro De Estudios Sociales Y Publicaciones (Cesip),ECLAC,2000
Peru,Centro De La Mujer Peruana Flora Tristan,ECLAC,2000
Peru,"Chirapaq, Centro De Cultural Indias",ECLAC,2000
Peru,Institute Laboral Para Desarrollo Regional (Ilder),ECLAC,2000
Peru,Latin American Committee For The Defence Of Women's Rights,ECLAC,2000
Peru,Movimiento Manuela Ramos,ECLAC,2000
Peru,National Coordinator For Human Rights,ECLAC,2000
Peru,Red Nacional De Promocion De La Mujer - Peru,ECLAC,2000
Peru,Taller Permanente De Mujeres Indigenas Andinas Y Amazonicas Del Peru,ECLAC,2000
Puerto Rico,Feministas En Marcha (Fem),ECLAC,2000
Suriname,Marangopoulos Foundation For Human Rights,ECLAC,2000
Suriname,Stichting Projekta For Women And Development Services,ECLAC,2000
Trinidad And Tobago,Caribbean Association For Feminist Research And Action,ECLAC,2000
Trinidad And Tobago,Network Of Non-Governmental Organizations Of Trinidad And Tobago For The Advancement Of Women,ECLAC,2000
,Ngo Commonwealth Women Net,,2000
,Work,,2000
,,,2000
ECLAC,Trinidad And Tobago,,2000
Uruguay,"Centro Interdisciplinario De Estudios Sobre El Desarrollo, Uruguay",ECLAC,2000
Uruguay,Instituto Del Tercer Mundo,ECLAC,2000
Uruguay,International Council For Adult Education,ECLAC,2000
Uruguay,Red De Educacion Popular Entre Mujeres De America Latina Y El Caribe,ECLAC,2000
Uruguay,Red Mujer Salud En Uruguay,ECLAC,2000
Venezuela,"Centro De Investigacion Social, Formacion Y Estudios De La Mujer",ECLAC,2000
Venezuela,Teenage Mother Civil Association,ECLAC,2000
Australia,Aboriginal And Torres Strait Islander Commission,ESCAP,2000
Australia,Australian Catholic Social Justice Council,ESCAP,2000
Australia,Australian Family Association,ESCAP,2000
Australia,Australian Federation Of Business And Professional Women,ESCAP,2000
Australia,"Australian Feminist Law Foundation Inc., The",ESCAP,2000
Australia,Australian National Committee On Refugee Women,ESCAP,2000
Australia,Coalition Of Activist Lesbians - Australia,ESCAP,2000
Australia,Coalition Of Australian Participating Organizations Of Women (Capow),ESCAP,2000
Australia,Endeavour Forum,ESCAP,2000
Australia,Girl Guide Association Of Australia Incorporated,ESCAP,2000
Australia,International Alliance Of Women,ESCAP,2000
Australia,National Aboriginal And Torres Strait Islanders Legal Services Secretariat,ESCAP,2000
Australia,National Baha'i Office For The Advancement Of Women-Australia,ESCAP,2000
Australia,National Council Of Women Of Australia Inc. Ltd.,ESCAP,2000
Australia,Unifem Australia Inc. (United Nations Development Fund For Women),ESCAP,2000
Australia,Women With Disabilities Australia,ESCAP,2000
Australia,"Women's Electoral Lobby, Australia",ESCAP,2000
Australia,World Organisation Of The Ovulation Method Billings Inc.,ESCAP,2000
Azerbaijan,Azerbaijan Women And Development Center,ESCAP,2000
Bangladesh,Ain O Salish Kendra - Law And Mediation Centre,ESCAP,2000
Bangladesh,Association Of Development Agencies In Bangladesh,ESCAP,2000
Bangladesh,Bangladesh Mahila Parishad,ESCAP,2000
Bangladesh,Bangladesh National Women Lawyer Association,ESCAP,2000
Bangladesh,Naripokkho,ESCAP,2000
Bangladesh,"Ngo Committee On Beijing Plus Five, Bangladesh",ESCAP,2000
Bangladesh,Proshika Manobik Unnayan Kendra,ESCAP,2000
Bangladesh,Rural Social Science Network,ESCAP,2000
Bangladesh,Soroptimist International - Bangladesh,ESCAP,2000
Bangladesh,Women For Women,ESCAP,2000
Cambodia,Khemara,ESCAP,2000
Cambodia,Youth Resource Development Program,ESCAP,2000
China,All-China Women's Federation,ESCAP,2000
China,China Association Of Women Entrepreneurs,ESCAP,2000
China,China Society For Human Rights,ESCAP,2000
China,Hong Kong Federation Of Women,ESCAP,2000
China,Hong Kong Federation Of Women's Centres,ESCAP,2000
China,"Maple Women's Psychological Counseling Center, The",ESCAP,2000
China,The Equal Opportunities Commission (Of Hong Kong),ESCAP,2000
China,"Women's Association Of Macau, The",ESCAP,2000
China,Women's Studies Institute Of China,ESCAP,2000
Fiji,Fiji Women's Rights Movement,ESCAP,2000
Fiji,Once And Future Action Network-Pacific Region,ESCAP,2000
Hong Kong,Hong Kong Women's Foundation Limited,ESCAP,2000
India,Ahmedabad Women's Action Group (Awag),ESCAP,2000
India,All India Women's Conference,ESCAP,2000
India,All India Women's Education Fund Association,ESCAP,2000
India,Asian Centre For Organization Research And Development,ESCAP,2000
India,Asian Women's Human Rights Council,ESCAP,2000
India,Asian-South Pacific Bureau Of Adult Education,ESCAP,2000
India,Asmita Resource Centre For Women,ESCAP,2000
India,Center For Research And Rehabilitation Of Infants And Females,ESCAP,2000
India,Centre For Advocacy And Research,ESCAP,2000
India,"Centre For Cultural, Educational, Economic And Social Studies-Nagpur",ESCAP,2000
India,Centre For Development Studies And Action,ESCAP,2000
India,Centre For Social Research,ESCAP,2000
India,Centre For The Study Of Administration Of Relief,ESCAP,2000
India,Centre For Women's Studies And Development,ESCAP,2000
India,"Chetna (Centre For Health, Education, Training And Nutrition Awareness",ESCAP,2000
India,"Coordination Unit - Bangalore (Fourth World Conference On Women, Beijing 1995)",ESCAP,2000
India,Coordination Unit-New Delhi (Fourth World Conference Of Women),ESCAP,2000
India,Family Planning Association Of India,ESCAP,2000
India,Gihumusara Mahila Sangiathan,ESCAP,2000
India,Initiatives: Women In Development,ESCAP,2000
India,"Institute For Development Of Youth, Women And Child",ESCAP,2000
India,Institute Of Social Studies Trust,ESCAP,2000
India,Joint Women's Programme-Christian Institute For The Study Of Religion And Society,ESCAP,2000
India,Mahila Dakshata Samiti,ESCAP,2000
India,N.M. Sadguru Water And Development Foundation,ESCAP,2000
India,Phoenix Organisation For Woman And Child,ESCAP,2000
India,Rural Institute Of Medical Sciences,ESCAP,2000
India,Sanchetana,ESCAP,2000
India,Stree Aadhar Kendra (Women's Development Center),ESCAP,2000
India,Stree Atyachar Virodhi Parishad,ESCAP,2000
India,Stree Mukti Sanghatana,ESCAP,2000
India,Swablamban Shiksha Kendra,ESCAP,2000
India,Talking About Reproductive And Sexual Health,ESCAP,2000
India,The Avinashilingam Education Trust,ESCAP,2000
India,The British Council,ESCAP,2000
India,Un Developmentdevelopment Of Human Action Foundation,ESCAP,2000
India,Women Politics And Developing Nations/International Political Science Association Research Committee,ESCAP,2000
India,Women's Solidarity For Justice (Wsfj),ESCAP,2000
India,Women's Voice,ESCAP,2000
Indonesia,Kongres Wanita Indonesia,ESCAP,2000
Indonesia,Koperasi Serba Usaha Annisa,ESCAP,2000
Indonesia,Kowani - The Indonesian Women's Congress,ESCAP,2000
Indonesia,Melati Institute Of Management For The Advancement Of Women,ESCAP,2000
Iran,Islamic Women's Institute Of Iran (Iwii),ESCAP,2000
Iran,Network Of Women's Non-Governmental Organizations In The Islamic Republic Of Iran,ESCAP,2000
Iran,Women's Solidarity Association Of Iran,ESCAP,2000
Iran,Zoroastrian Women's Organization Religious Minority,ESCAP,2000
Japan,Agora,ESCAP,2000
Japan,Asia Crime Prevention Foundation,ESCAP,2000
Japan,Asia-Japan Women's Resource Center,ESCAP,2000
Japan,Asian Women's Association (Japan),ESCAP,2000
Japan,Asian Women's Conference Network,ESCAP,2000
Japan,Fukuoka International Ms. Association,ESCAP,2000
Japan,"Fukuoka Women's Center, Amikas",ESCAP,2000
Japan,Global Legislators Organization For A Balanced Environment (Globe International),ESCAP,2000
Japan,International Movement Against All Forms Of Discrimination And Racism - Imadr,ESCAP,2000
Japan,International Women's Year Liaison Group (Iwylc),ESCAP,2000
Japan,Japan Accountability Caucus Beijing,ESCAP,2000
Japan,Japan Federation Of Bar Associationscentr,ESCAP,2000
Japan,Japan Society For Gender Studies,ESCAP,2000
Japan,Japanese Association Of International Women's Rights,ESCAP,2000
Japan,Japanese Nursing Association,ESCAP,2000
Japan,"Japanese Organization For International Cooperation In Family Planning, Inc.",ESCAP,2000
Japan,Japan's Network For Women And Health,ESCAP,2000
Japan,Kitakyushu Forum On Asian Women,ESCAP,2000
Japan,People's Forum 2001 Japan,ESCAP,2000
Japan,Society For The Study Of Working Women,ESCAP,2000
Japan,Women's Studies Society Of Japan,ESCAP,2000
Japan,Working Women's International Network,ESCAP,2000
Japan,World Conference On Religion And Peace (Japanese Committee),ESCAP,2000
Japan,World Conference On Women Network In Kansai,ESCAP,2000
Japan,Yokohama Women's Association For Communication And Networking (Ywacn),ESCAP,2000
Kazakhstan,Feminist League,ESCAP,2000
Kazakhstan,Youth Information Service Of Kazastan,ESCAP,2000
Korea,Center For Women & Public Policy,ESCAP,2000
Korea,Korea Women's Associations United,ESCAP,2000
Korea,Korean Federation Of Business And Professional Women,ESCAP,2000
Korea,Korean National Council Of Women(Kncw),ESCAP,2000
Korea,Korean Nurses Association,ESCAP,2000
Korea,Korean Women's Development Institute,ESCAP,2000
Korea,Won Buddhism Women's Association,ESCAP,2000
Malaysia,Asian-Pacific Resource And Research Centre For Women (Arrow),ESCAP,2000
Malaysia,"Federation Of Family Planning Associations, Malaysia",ESCAP,2000
Malaysia,International Council On Management Of Population Programmes,ESCAP,2000
Malaysia,International Women's Rights Action Watch,ESCAP,2000
Malaysia,National Council Of Women's Organizations (Ncwo),ESCAP,2000
Malaysia,Women And Media Network For Asia Pacific (Wmnap)/Gender And Development Programme,ESCAP,2000
Malaysia,"Women's Aid Organization, Malaysia",ESCAP,2000
Malaysia,Women's Candidacy Initiative,ESCAP,2000
Mongolia,Asian Buddhists Conference For Peace,ESCAP,2000
Mongolia,Mongolian Women's Federation,ESCAP,2000
Mongolia,National Cedaw Watch Network Center,ESCAP,2000
Mongolia,Women For Social Progress Movement,ESCAP,2000
Nepal,Beyond Beijing Committee,ESCAP,2000
Nepal,Feminist Dalit Organisation,ESCAP,2000
Nepal,"Forum For Women, Law And Development",ESCAP,2000
Nepal,"International Institute For Human Rights, Environment And Development (Inhured International)",ESCAP,2000
Nepal,Manushi (For Sustainable Development),ESCAP,2000
Nepal,National Network Against Girls' Trafficking,ESCAP,2000
Nepal,Nepal Institute Of Mass Communication,ESCAP,2000
Nepal,Saathi,ESCAP,2000
Nepal,"Sancharika Samuma, Nepal (Women Communicators Forum)",ESCAP,2000
Nepal,Service For Unprivileged Section Of Society (Suss),ESCAP,2000
Nepal,Sewa-Nepal,ESCAP,2000
Nepal,Women Development Self-Employment Training Centre,ESCAP,2000
Nepal,Women's Forum,ESCAP,2000
Nepal,Women's International League For Peace And Freedom-Nepal,ESCAP,2000
Nepal,World Federalist National Asssociation Of Nepal,ESCAP,2000
New Zealand,"Association Of Presbyterian Women Of Aoteaora, New Zealand",ESCAP,2000
New Zealand,Women Heart Of The Pacific,ESCAP,2000
Pakistan,All Pakistan Women's Association,ESCAP,2000
Pakistan,Asr Resource Center-Applied Socie Economic Research,ESCAP,2000
Pakistan,Behbud Association Of Pakistan,ESCAP,2000
Pakistan,David M. Kennedy Center For International Studies,ESCAP,2000
Pakistan,Mountain Women Development Organizations (Hunza),ESCAP,2000
Pakistan,Revolutionary Association Of The Women Of Afghanistan,ESCAP,2000
Pakistan,Shirkat Gah - Women's Resource Centre,ESCAP,2000
Pakistan,Struggle For Change,ESCAP,2000
Philippines,Angeles City Women Coordinating Council,ESCAP,2000
Philippines,Asean Confederation Of Women's Organizations (Acwo),ESCAP,2000
Philippines,Asia Indigenous Women's Network,ESCAP,2000
Philippines,Buhay Foundation For Wom En And The Girl Child,ESCAP,2000
Philippines,Can't Live In The Closet,ESCAP,2000
Philippines,Center For Asia-Pacific Women In Politics,ESCAP,2000
Philippines,Federation Of New Filipina,ESCAP,2000
Philippines,"General Assembly Binding Women For Reforms, Integrity, Equality, Leadership And Action (Gabriela)",ESCAP,2000
Philippines,Ing Makababaying Aksyon Foundation,ESCAP,2000
Philippines,Institute For Social Studies And Action,ESCAP,2000
Philippines,Isis International-Manila,ESCAP,2000
Philippines,League Of Filiopino Comfort Women,ESCAP,2000
Philippines,National Council Of Women Of The Philippines,ESCAP,2000
Philippines,Pilipine-Kilusan Ng Kababaihang Pilipino (Movement Of Filipino Women),ESCAP,2000
Philippines,Sentro Ng Manggagawang Pilpina,ESCAP,2000
Philippines,Third World Movement Against The Exploitation Of Women,ESCAP,2000
Philippines,Ugnayan Ng Kababaihan Sa Politika (Philippines),ESCAP,2000
Philippines,"Womanhealth Philippines, Inc.",ESCAP,2000
Philippines,Women Involved In Nation Building,ESCAP,2000
Philippines,Women's Federation For World Peace-Philippines,ESCAP,2000
Philippines,"Women's Health Care Foundation, Inc.",ESCAP,2000
Philippines,"Women's Media Circle Foundation, Inc.",ESCAP,2000
Philippines,Women's Rights Movement Of The Philippines,ESCAP,2000
Singapore,Association Of Women For Action And Research (Aware),ESCAP,2000
Singapore,Singapore Council Of Women's Organizations,ESCAP,2000
Sri Lanka,Agromart Foundation,ESCAP,2000
Sri Lanka,Centre For Women's Research (Cenwor),ESCAP,2000
Sri Lanka,Ruk Rakaganno (The Tree Society) Women's Environmental Centre,ESCAP,2000
Sri Lanka,Sri Lanka Women's Ngo Forum,ESCAP,2000
Sri Lanka,Suriya Women's Development Centre,ESCAP,2000
Sri Lanka,"Women And Media Collective, The",ESCAP,2000
Sri Lanka,Women's Educational And Research Center,ESCAP,2000
Thailand,"Asia Pacific Forum On Women, Law & Development",ESCAP,2000
Thailand,Catholic Commission On Migration (Women's Desk),ESCAP,2000
Thailand,Federation Of Business And Professional Women Associations Of Thailand Under The Royal Patronage Of Her Majesty The Queen,ESCAP,2000
Thailand,Foundation For Women,ESCAP,2000
Thailand,Global Alliance Against Traffic In Women,ESCAP,2000
Thailand,National Council Of Women Of Thailand (Under The Royal Patronage For Her Majesty The Queen),ESCAP,2000
Thailand,Thai Women Watch,ESCAP,2000
Thailand,World Fellowship Of Buddhists,ESCAP,2000
Uzbekistan,"Crisis Center ""Sabr""",ESCAP,2000
Egypt,Alliance For Arab Women,ESCWA,2000
Egypt,Arab Lawyers Union (Alu),ESCWA,2000
Egypt,Association For The Advancement Of Education,ESCWA,2000
Egypt,Comprehensive Care Association,ESCWA,2000
Egypt,Egyptian Red Crescent Society,ESCWA,2000
Egypt,El Nadim Center For The Management And Rehabilitation Of Victims Of Violence,ESCWA,2000
Egypt,Legal Research And Resource Center For Human Rights,ESCWA,2000
Egypt,Light And Hope Association For Blind Girls,ESCWA,2000
Iraq,General Arab Women Federation,ESCWA,2000
Jordan,General Federation Of Jordanian Women,ESCWA,2000
Jordan,General Union Of Palestinian Women (Gupw),ESCWA,2000
Kuwait,Association Of Social Workers,ESCWA,2000
Kuwait,International Islamic Charitable Organization,ESCWA,2000
Kuwait,The Kuwaiti Graduates Society,ESCWA,2000
Kuwait,"Union Of Kuwaiti Women Associations, The",ESCWA,2000
Kuwait,Women's Cultural Social Society,ESCWA,2000
Lebanon,Beirut Bar Association,ESCWA,2000
Lebanon,Women's Court; The Permanent Arab Court To Resist Violence Against Women,ESCWA,2000
Palestine,Palestine Avenir Foundation,ESCWA,2000
Saudi Arabia,Muslim World League,ESCWA,2000
Yemen,Women Research Center At Sanaa University,ESCWA,2000
Yemen,Yemen Family Association,ESCWA,2000
Canada,Action Canada For Population And Development,N. America,2000
Canada,Apc Fundraising And Project Development,N. America,2000
Canada,Assembly Of First Nations/National Indian Brotherhood,N. America,2000
Canada,Association Feminine D'education Et D'action Social,N. America,2000
Canada,Association For Progressive Communications,N. America,2000
Canada,Association Quebecoise Des Organismes De Cooperation Internationale-Comite Quebecois Femmes Et Developpement,N. America,2000
Canada,"Baha'i Community Of Canada, The",N. America,2000
Canada,Campaign Life Coalition,N. America,2000
Canada,Canadian Beijing Facilitating Committee,N. America,2000
Canada,Canadian Federation Of University Women,N. America,2000
Canada,Canadian Feminist Alliance For International Action,N. America,2000
Canada,Canadian Labour Congress,N. America,2000
Canada,Canadian Research Institute For The Advancement Of Women,N. America,2000
Canada,Canadian Voice Of Women For Peace,N. America,2000
Canada,Canadian Women's Foundation,N. America,2000
Canada,Centre De Documentation Sur L'education Des Adultes Et La Condition Feminine,N. America,2000
Canada,"Congress Of Black Women Of Canada, The",N. America,2000
Canada,Egale (Equality For Gays And Lesbians Everywhere),N. America,2000
Canada,Era Ecological Rights Association,N. America,2000
Canada,Feceration Des Femmes Du Quebec,N. America,2000
Canada,Fiiq,N. America,2000
Canada,Grand Council Of The Crees - Eenou Istchee,N. America,2000
Canada,Human Rights Internet,N. America,2000
Canada,Immigrant Women Of Saskatchewan Inc.,N. America,2000
Canada,Institute For The Study Of Women/Mount Saint Vincent University,N. America,2000
Canada,International Centre For Human Rights And Democratic Development,N. America,2000
Canada,International Working Group On Women And Sport,N. America,2000
Canada,Jamaican Self-Help Organization,N. America,2000
Canada,Jmj Children's Fund Of Canada Inc.,N. America,2000
Canada,Life Ethics Educational Association,N. America,2000
Canada,Lifeline (Aid To Women),N. America,2000
Canada,Match International Centre,N. America,2000
Canada,Network Of Women Parliamentarians Of The Americas,N. America,2000
Canada,Planned Parenthood Federation Of Canada,N. America,2000
Canada,Reseau Des Chercheuses Africaines De La Diaspora,N. America,2000
Canada,Sisterhood Is Global Institute,N. America,2000
Canada,Un Platform For Action Committee (Manitoba),N. America,2000
Canada,Union Internationale Des Travailleuses Unis De L'alimentation Et Du Commerce,N. America,2000
Canada,United Nations Association In Canada (Una-Canada),N. America,2000
Canada,Women's Economic Network,N. America,2000
Canada,Women's Health In Women's Hands:A Community Health Centre For Women,N. America,2000
Canada,World Association Of Community Radio Broadcasters,N. America,2000
Canada,World Federation Of Ukrainian Women's Organizations,N. America,2000
U.S.A.,3ho Organization,N. America,2000
U.S.A.,Action Institute For Literacy And Human Resource Development-India,N. America,2000
U.S.A.,"African Services Committee, Inc.",N. America,2000
U.S.A.,African Women's Alliance,N. America,2000
U.S.A.,Alan Guttmacher Institute,N. America,2000
U.S.A.,Alternative Women In Development,N. America,2000
U.S.A.,Altrusa International Inc.,N. America,2000
U.S.A.,American Association Of Jurists,N. America,2000
U.S.A.,American Association Of Retired Persons (Aarp),N. America,2000
U.S.A.,American Association Of University Women,N. America,2000
U.S.A.,American College Of Obstetricians And Gynecologists,N. America,2000
U.S.A.,American Council For Voluntary International Action (Interaction),N. America,2000
U.S.A.,American Indian Law Alliance,N. America,2000
U.S.A.,American Jewish Congress,N. America,2000
U.S.A.,"American Jewish World Service, Inc.",N. America,2000
U.S.A.,American Life League,N. America,2000
U.S.A.,Anglican Consultative Council,N. America,2000
U.S.A.,Appalachian Women's Guild (Awg),N. America,2000
U.S.A.,"Armenian Relief Society, Inc.",N. America,2000
U.S.A.,Art Of Living Foundation,N. America,2000
U.S.A.,Association For Women In Mathematics,N. America,2000
U.S.A.,Association For Women In Science,N. America,2000
U.S.A.,Association Of Arab-American University Graduates,N. America,2000
U.S.A.,"Association Of The Bar Of The City Of New York, The",N. America,2000
U.S.A.,Avsc International,N. America,2000
U.S.A.,Baha'i International Community,N. America,2000
U.S.A.,Bochasanwasi Shri Akshar Purushottam Sanstha,N. America,2000
U.S.A.,Brahma Kumaris World Spiritual University,N. America,2000
U.S.A.,California Women Lawyers,N. America,2000
U.S.A.,Catholics For A Free Choice,N. America,2000
U.S.A.,Center For Development Of International Law,N. America,2000
U.S.A.,Center For Ethical Leadership,N. America,2000
U.S.A.,Center For Policy Alternatives,N. America,2000
U.S.A.,"Center For Reproductive Law And Policy, The",N. America,2000
U.S.A.,"Center For Russian, Central And East European Studies",N. America,2000
U.S.A.,Center For The Global South,N. America,2000
U.S.A.,"Center Of Concern, The",N. America,2000
U.S.A.,Centre For Development & Population Activities,N. America,2000
U.S.A.,Centre For Women's Global Leadership,N. America,2000
U.S.A.,"Chinese Immigrants Services, Inc.",N. America,2000
U.S.A.,Church Of Jesus Christ Of Latter Day Saints,N. America,2000
U.S.A.,Church Women United,N. America,2000
U.S.A.,Church World Service And Witness,N. America,2000
U.S.A.,Coalition Against Trafficking In Women,N. America,2000
U.S.A.,"Communication For Change, Inc.",N. America,2000
U.S.A.,Communications Consortium Media Center,N. America,2000
U.S.A.,Concerned Women For America,N. America,2000
U.S.A.,Congregation Of Our Lady Of Charity Of The Good Shepherd,N. America,2000
U.S.A.,Congregations Of St. Joseph,N. America,2000
U.S.A.,Coordinating Board Of Jewish Organizations,N. America,2000
U.S.A.,"Creative Associates International, Inc. (Caii)",N. America,2000
U.S.A.,Dante B. Fascell North-South Center,N. America,2000
U.S.A.,"Dialogue On Diversity, Inc.",N. America,2000
U.S.A.,Disabled People's International,N. America,2000
U.S.A.,Eagle Forum,N. America,2000
U.S.A.,Equality Now,N. America,2000
U.S.A.,Family Action Council International,N. America,2000
U.S.A.,Family Care International,N. America,2000
U.S.A.,Family Health International,N. America,2000
U.S.A.,Family Violence Prevention Fund,N. America,2000
U.S.A.,"Federally Employed Women, Inc.",N. America,2000
U.S.A.,Federation Of National Representation Of The Experiment In International Living,N. America,2000
U.S.A.,Feminist Majority Foundation,N. America,2000
U.S.A.,Ford Foundation,N. America,2000
U.S.A.,Foundation For The Support Of The United Nations,N. America,2000
U.S.A.,Franciscans International,N. America,2000
U.S.A.,Francois-Xavier Bagnoud Center For Health And Human Rights,N. America,2000
U.S.A.,"General Board Of Global Ministries, United Methodist Church",N. America,2000
U.S.A.,Girls' International Forum For Tomorrow,N. America,2000
U.S.A.,Global Alliance For Women's Health,N. America,2000
U.S.A.,Global Education Associates,N. America,2000
U.S.A.,"Global Fund For Women, The",N. America,2000
U.S.A.,Global Helping To Advance Women & Children,N. America,2000
U.S.A.,Global Volunteers,N. America,2000
U.S.A.,Greek Orthodox Archdiocesan Council Of North And South America,N. America,2000
U.S.A.,"Hadassah,The Women's Zionist Organization Of America, Inc.",N. America,2000
U.S.A.,"Haitian American Women Advocacy Network, Inc. (Hawanet)",N. America,2000
U.S.A.,Harlem Women's Committee/New Future Foundation Inc.,N. America,2000
U.S.A.,Heinrich Boell Foundation,N. America,2000
U.S.A.,"Human Lactation Center, Ltd. The",N. America,2000
U.S.A.,Human Rights Advocates,N. America,2000
U.S.A.,Human Rights Watch,N. America,2000
U.S.A.,"Hunger Project, The",N. America,2000
U.S.A.,"Institute For Women, Law And Development",N. America,2000
U.S.A.,Institute For Women's Policy Research,N. America,2000
U.S.A.,"Institute Of International Education, Inc. - Iie",N. America,2000
U.S.A.,Inter-American Parliamentary Group On Population And Development,N. America,2000
U.S.A.,International Association Of Educators For World Peace,N. America,2000
U.S.A.,International Black Women For Wages For Housework,N. America,2000
U.S.A.,International Center For Research On Women (Icrw),N. America,2000
U.S.A.,International Coalition On Women And Credit,N. America,2000
U.S.A.,International Cross-Cultural Black Women's Studies Institute,N. America,2000
U.S.A.,International Federation For Family Development,N. America,2000
U.S.A.,International Federation Of Settlements & Neighbourhood Centres,N. America,2000
U.S.A.,International Federation Of Women Lawyers,N. America,2000
U.S.A.,International Food Policy Research Institute,N. America,2000
U.S.A.,International Gay And Lesbian Human Rights Commission,N. America,2000
U.S.A.,International Health Awareness Network,N. America,2000
U.S.A.,International Human Rights Law Group,N. America,2000
U.S.A.,International Indian Treaty Council,N. America,2000
U.S.A.,International Lactation Consultants Association,N. America,2000
U.S.A.,International League For Human Rights,N. America,2000
U.S.A.,International Movement Atd Fourth World,N. America,2000
U.S.A.,International Political Science Association (Ipsa),N. America,2000
U.S.A.,"International Rescue Committee, Inc.",N. America,2000
U.S.A.,International Research Foundation For Development,N. America,2000
U.S.A.,"International Self-Reliance Agency For Women, Inc.",N. America,2000
U.S.A.,International Studies Association,N. America,2000
U.S.A.,International Wages Due Lesbians,N. America,2000
U.S.A.,International Women Judges Foundation,N. America,2000
U.S.A.,International Women's Anthropology Conference,N. America,2000
U.S.A.,International Women's Democracy Center (Iwdc),N. America,2000
U.S.A.,International Women's Health Coalition,N. America,2000
U.S.A.,International Women's Rights Action Watch (Global),N. America,2000
U.S.A.,International Women's Tribune Centre,N. America,2000
U.S.A.,Ipas,N. America,2000
U.S.A.,Islamic Heritage Society,N. America,2000
U.S.A.,Jewish Council For Public Affairs,N. America,2000
U.S.A.,Johns Hopkins University Center For Communication Programs,N. America,2000
U.S.A.,"Korean American Coalition On Jungshindae, Inc.",N. America,2000
U.S.A.,"La Leche League International, Inc.",N. America,2000
U.S.A.,Laubach Literacy International,N. America,2000
U.S.A.,Lawyers' Committee For Civil Rights Under Law,N. America,2000
U.S.A.,Lawyers Without Borders,N. America,2000
U.S.A.,League Of Women Voters Of The United States,N. America,2000
U.S.A.,Loretto Community,N. America,2000
U.S.A.,Los Ninos,N. America,2000
U.S.A.,"Madre, Inc.",N. America,2000
U.S.A.,"Margaret Sanger, Center International Planned Parenthood Of New York",N. America,2000
U.S.A.,Maryknoll Fathers And Brothers,N. America,2000
U.S.A.,"Maryknoll Sisters Of St. Dominic, Inc.",N. America,2000
U.S.A.,"Microcredit Summit Campaign, Project Of Results Educational Fund",N. America,2000
U.S.A.,Mills College (Women's Leadership Institute),N. America,2000
U.S.A.,Minnesota Advocates For Human Rights,N. America,2000
U.S.A.,Mother And Child African Relief Organization,N. America,2000
U.S.A.,National Association Of Women Lawyers,N. America,2000
U.S.A.,National Audubon Society,N. America,2000
U.S.A.,National Coalition Of 100 Black Women,N. America,2000
U.S.A.,National Committee Of Women For Democratic Iran,N. America,2000
U.S.A.,"National Conference Of Puerto Ricanwomen, Inc.",N. America,2000
U.S.A.,National Council For Research On Women,N. America,2000
U.S.A.,National Council Of Jewish Women,N. America,2000
U.S.A.,National Council Of Negro Women,N. America,2000
U.S.A.,National Lawyers Guild,N. America,2000
U.S.A.,National League Of Cities,N. America,2000
U.S.A.,National Network For Immigrant And Refugee Rights,N. America,2000
U.S.A.,National Organization For Women - Now,N. America,2000
U.S.A.,National Spiritual Assembly Of The Baha'is Of The United States,N. America,2000
U.S.A.,National Wildlife Federation,N. America,2000
U.S.A.,National Women's Conference,N. America,2000
U.S.A.,Network Of East-West Women,N. America,2000
U.S.A.,Network Of Sexwork Projects,N. America,2000
U.S.A.,New Humanity,N. America,2000
U.S.A.,North America Taiwanese Women's Association,N. America,2000
U.S.A.,Northwest Women's Institute,N. America,2000
U.S.A.,Open Society Institute,N. America,2000
U.S.A.,Pan Pacific And South East Asia Women's Association,N. America,2000
U.S.A.,Park Ridge Center,N. America,2000
U.S.A.,Parliamentarians For Global Action,N. America,2000
U.S.A.,Partners Of The Americas,N. America,2000
U.S.A.,Pathfinder International,N. America,2000
U.S.A.,Pennsylvania Peace Links,N. America,2000
U.S.A.,People's Decade For Human Rights Education,N. America,2000
U.S.A.,Physicians For Social Responsibility,N. America,2000
U.S.A.,Plan International,N. America,2000
U.S.A.,Population Action International,N. America,2000
U.S.A.,"Population Reference Bureau, Inc.",N. America,2000
U.S.A.,Presbyterian Church United Nations Office,N. America,2000
U.S.A.,Public Leadership Education Network,N. America,2000
U.S.A.,"Refugee Women's Network, Inc.",N. America,2000
U.S.A.,Refugees International - Ri,N. America,2000
U.S.A.,Rehabilitation International,N. America,2000
U.S.A.,Religion Counts,N. America,2000
U.S.A.,"Religious Consultation On Population, Reproductive Health And Ethics",N. America,2000
U.S.A.,Research Action & Information Network For Bodily Integrity Of Women,N. America,2000
U.S.A.,Sacrament O Women's Network Of The Csus Multi-Cultural Center,N. America,2000
U.S.A.,Sahaja Yoga International,N. America,2000
U.S.A.,School Sisters Of Notre Dame,N. America,2000
U.S.A.,Sisters Of Mercy Of The Americas,N. America,2000
U.S.A.,Sisters Of St. Joseph Of Peace,N. America,2000
U.S.A.,Sociologists For Women In Society,N. America,2000
U.S.A.,Soka Gakkai International,N. America,2000
U.S.A.,Soroptimist International Of The Americas,N. America,2000
U.S.A.,St. Joan's International Alliance,N. America,2000
U.S.A.,"Sun Fountain Productions, Inc.",N. America,2000
U.S.A.,The Asia Foundation,N. America,2000
U.S.A.,"The Howard Center For Family, Religon & Society",N. America,2000
U.S.A.,The John D. And Catherine T. Macarthur Foundation,N. America,2000
U.S.A.,The National Institute Of Womanhood,N. America,2000
U.S.A.,Transnational Radical Party,N. America,2000
U.S.A.,U.S. Women Connect,N. America,2000
U.S.A.,United Nations Association Of San Diego,N. America,2000
U.S.A.,United Nations Association Of The Usa,N. America,2000
U.S.A.,United States Committee For Unifem,N. America,2000
U.S.A.,University Of Missouri - Women's Council,N. America,2000
U.S.A.,Wellesley Centers For Women,N. America,2000
U.S.A.,Western Consortium For Public Health (Aka Pacific Institute For Women's Health),N. America,2000
U.S.A.,Woman's National Democratic Club-Educational Foundation,N. America,2000
U.S.A.,Women For International Peace And Arbitration,N. America,2000
U.S.A.,Women In International Security (Wiis),N. America,2000
U.S.A.,Women Of Color Resource Center,N. America,2000
U.S.A.,"Women Of Reform Judaism, The Federation Of Temple Sisterhoods",N. America,2000
U.S.A.,Women Of Vision,N. America,2000
U.S.A.,Women's Affairs Committee Of U.S.-Shanghai Association For Economic And Technological Exchange,N. America,2000
U.S.A.,"Women's Caucus, International Aids Society (Nys State Psychiatric Institute/Hiv Center For Clinic & Behav Stud",N. America,2000
U.S.A.,Women's Commission For Refugee Women And Children,N. America,2000
U.S.A.,Women's Commission Research And Education Fund (National Association Of Commissions For Women),N. America,2000
U.S.A.,Women's Environment And Development Organization - Wedo,N. America,2000
U.S.A.,"Women's Federation For World Peace, International",N. America,2000
U.S.A.,Women's Institute For Leadership Development,N. America,2000
U.S.A.,Women's Intercultural Network,N. America,2000
U.S.A.,Women's International Coalition For Economic Justice,N. America,2000
U.S.A.,Women's Law And Public Policy Fellowship Program,N. America,2000
U.S.A.,Women's Leadership Project,N. America,2000
U.S.A.,Women's Sports Foundation,N. America,2000
U.S.A.,Women's Studies Center,N. America,2000
U.S.A.,Women's World Banking,N. America,2000
U.S.A.,World Conference On Religion And Peace,N. America,2000
U.S.A.,World Federalist Association,N. America,2000
U.S.A.,World Federation For Mental Health,N. America,2000
U.S.A.,World Hunger Year,N. America,2000
U.S.A.,World Information Transfer,N. America,2000
U.S.A.,World Space Foundation,N. America,2000
U.S.A.,World Vision International,N. America,2000
U.S.A.,Worldwide Organization For Women,N. America,2000
U.S.A.,Youth Advocate Program International,N. America,2000
U.S.A.,Zonta International,N. America,2000
